rate_date,eur_to_usd,chf_to_usd
2020-01-02,1.1084971022,1.0114393794
2020-01-03,1.120187592,1.0217426843
2020-01-06,1.1172788533,1.0194615204
2020-01-07,1.119151457,1.0213565658
2020-01-08,1.1156680617,1.0207206288
2020-01-09,1.111469046,1.0162188529
2020-01-10,1.1107145036,1.016942258
2020-01-13,1.1124076749,1.017356095
2020-01-14,1.1136915078,1.0194719135
2020-01-15,1.1129679281,1.0233529135
2020-01-16,1.1151639555,1.0263252425
2020-01-17,1.1136121252,1.0254727429
2020-01-20,1.1097654532,1.0228818674
2020-01-21,1.1095943678,1.0232900823
2020-01-22,1.1081343131,1.0206164523
2020-01-23,1.1090044485,1.022651736
2020-01-24,1.1055039314,1.0211375472
2020-01-27,1.1028373858,1.0199086162
2020-01-28,1.1021220159,1.0201999592
2020-01-29,1.1014635634,1.0163634516
2020-01-30,1.1010555459,1.0178842258
2020-01-31,1.1025405571,1.0203040506
2020-02-03,1.1082946469,1.0270736617
2020-02-04,1.1060030512,1.0238872905
2020-02-05,1.1033884466,1.0206164523
2020-02-06,1.09975909,1.0164977586
2020-02-07,1.0985984206,1.0163737816
2020-02-10,1.0953277651,1.0124019236
2020-02-11,1.091148231,1.0117463754
2020-02-12,1.091559661,1.0150738466
2020-02-13,1.0872082431,1.0121662382
2020-02-14,1.0836734694,1.0103051121
2020-02-17,1.0839555435,1.007627742
2020-02-18,1.0828799548,1.0093771134
2020-02-19,1.0799367834,1.0066337162
2020-02-20,1.0794849336,1.0067755998
2020-02-21,1.079189483,1.0066033178
2020-02-24,1.0824072577,1.0102642851
2020-02-25,1.0862457894,1.0115621554
2020-02-26,1.0871023643,1.0134073796
2020-02-27,1.0911170067,1.0164770937
2020-02-28,1.0988264613,1.0213565658
2020-03-02,1.1056047319,1.0268838184
2020-03-03,1.1140887575,1.0335062734
2020-03-04,1.1166554561,1.034821752
2020-03-05,1.1144974947,1.0352395544
2020-03-06,1.1232881018,1.047833604
2020-03-11,1.132353252,1.0568813545
2020-03-12,1.1320050077,1.06096293
2020-03-13,1.1201761283,1.0483828694
2020-03-16,1.1102479459,1.0413520916
2020-03-17,1.1176636363,1.0437650694
2020-03-18,1.1012933702,1.0313956846
2020-03-19,1.0882779173,1.0205539567
2020-03-20,1.0735767395,1.0088679493
2020-03-23,1.0723358819,1.00732324
2020-03-24,1.0810545789,1.010907694
2020-03-25,1.081851253,1.0105092967
2020-03-26,1.0913571966,1.0163221335
2020-03-27,1.1065336072,1.0320023942
2020-03-30,1.1093717539,1.0387667761
2020-03-31,1.1019623606,1.0306515779
2020-04-03,1.0853943545,1.0161155933
2020-04-06,1.0817710128,1.0133971098
2020-04-07,1.0805909395,1.0125761964
2020-04-08,1.0871971542,1.0192537024
2020-04-09,1.0858463951,1.0184647662
2020-04-14,1.0936560849,1.0256936253
2020-04-15,1.0985051546,1.0309278351
2020-04-16,1.0876789131,1.0230911677
2020-04-17,1.0871339169,1.022578534
2020-04-20,1.0864523254,1.0226203624
2020-04-21,1.0847686041,1.0209394685
2020-04-22,1.0850219365,1.0203040506
2020-04-23,1.0818070694,1.0186411327
2020-04-24,1.0765956584,1.0134381904
2020-04-27,1.0825647023,1.0169319164
2020-04-28,1.0824305133,1.0144045445
2020-04-29,1.0847842235,1.0175734942
2020-04-30,1.0865886607,1.0157027647
2020-05-01,1.0941387437,1.0246951532
2020-05-04,1.0950086306,1.0274535591
2020-05-05,1.0909585107,1.0256936253
2020-05-06,1.0838973649,1.0178013455
2020-05-07,1.0800962495,1.0152902715
2020-05-08,1.0849906268,1.0188279403
2020-05-11,1.084988726,1.020272821
2020-05-13,1.0854889461,1.0216174247
2020-05-14,1.0810271854,1.0174181996
2020-05-15,1.0805296774,1.0170456857
2020-05-18,1.0823160169,1.0190148165
2020-05-19,1.0911563379,1.0186203806
2020-05-20,1.0943923898,1.0206789556
2020-05-22,1.0946360661,1.0195654612
2020-05-25,1.0894043108,1.0186203806
2020-05-26,1.0913151668,1.0198254059
2020-05-27,1.0966624653,1.0247266542
2020-05-28,1.1029635919,1.0229865068
2020-05-29,1.1087492805,1.027875997
2020-06-02,1.1128161819,1.0299085441
2020-06-03,1.118757851,1.0296328329
2020-06-04,1.1221487978,1.029314888
2020-06-05,1.1329880354,1.0358937173
2020-06-08,1.1293315368,1.0285632001
2020-06-10,1.1338611348,1.0403445621
2020-06-11,1.1390393416,1.0496704035
2020-06-12,1.128721587,1.0479653752
2020-06-15,1.125907814,1.0404744564
2020-06-16,1.1328895335,1.0434165632
2020-06-17,1.1266348285,1.0404636306
2020-06-18,1.1234728766,1.0424050369
2020-06-22,1.118801481,1.0400199684
2020-06-23,1.1240154811,1.043198865
2020-06-24,1.1319047669,1.0483608878
2020-06-25,1.1250665414,1.0437868587
2020-06-26,1.1219400165,1.043917614
2020-06-29,1.1234435066,1.0446264416
2020-06-30,1.1246890321,1.0408968367
2020-07-01,1.1237219028,1.0454783063
2020-07-02,1.1254263177,1.0461783106
2020-07-03,1.1244633845,1.0470546353
2020-07-07,1.1314982139,1.0506408909
2020-07-08,1.1274428471,1.0501223393
2020-07-09,1.1339061411,1.0555426545
2020-07-10,1.1278097422,1.0518454629
2020-07-13,1.1320798441,1.0533522937
2020-07-14,1.1343708623,1.0508396209
2020-07-15,1.1411796919,1.053108249
2020-07-16,1.1412158978,1.0472849139
2020-07-17,1.1378209824,1.0463972543
2020-07-20,1.1416508739,1.0528532323
2020-07-21,1.145913104,1.0548189403
2020-07-22,1.1538404358,1.0619205896
2020-07-23,1.157421513,1.0653144276
2020-07-24,1.1614713284,1.0708357873
2020-07-27,1.1691885197,1.0769479296
2020-07-28,1.1757817541,1.0753150673
2020-07-29,1.1721468768,1.0780741284
2020-07-30,1.1773600859,1.0839755889
2020-07-31,1.1886016131,1.0913813614
2020-08-03,1.1771382202,1.0819583446
2020-08-04,1.1757859229,1.0777139532
2020-08-05,1.1810285937,1.0843282045
2020-08-06,1.187143044,1.0899420151
2020-08-07,1.1867297033,1.0868383871
2020-08-10,1.1795191567,1.084445794
2020-08-11,1.1744686372,1.0811044563
2020-08-12,1.172628221,1.0777139532
2020-08-13,1.180757859,1.0870037828
2020-08-14,1.1812295974,1.0881392818
2020-08-17,1.1844671819,1.088494612
2020-08-18,1.1888806264,1.0935654608
2020-08-19,1.1938749795,1.0957102942
2020-08-20,1.184487235,1.081782778
2020-08-21,1.1867296407,1.0907742315
2020-08-24,1.1801947523,1.0855759523
2020-08-25,1.1807133307,1.0870628648
2020-08-26,1.1831911346,1.0896451026
2020-08-27,1.1826580527,1.0894551635
2020-08-28,1.1830293919,1.0893958211
2020-08-31,1.1908086224,1.0942116205
2020-09-01,1.196966704,1.0974298194
2020-09-02,1.1900468219,1.0863543036
2020-09-03,1.1831256513,1.0854463355
2020-09-04,1.185219852,1.0883761428
2020-09-07,1.18376323,1.0833179863
2020-09-08,1.1797385621,1.0785392265
2020-09-09,1.17752162,1.0783066273
2020-09-10,1.1820570734,1.0858706511
2020-09-11,1.1833549075,1.087772351
2020-09-14,1.1843669701,1.0888027525
2020-09-15,1.187390963,1.0903698535
2020-09-16,1.1845612353,1.0896925977
2020-09-17,1.1764884536,1.0846810495
2020-09-18,1.1850338357,1.0897163468
2020-09-21,1.1856611651,1.0872637919
2020-09-22,1.1765399383,1.0816072684
2020-09-23,1.1689259645,1.0750029563
2020-09-24,1.1662160422,1.0729153255
2020-09-25,1.1666364112,1.0678398667
2020-09-28,1.1629666734,1.065768579
2020-09-29,1.1668826787,1.0711340096
2020-09-30,1.1745695222,1.076194576
2020-10-01,1.173350262,1.075974564
2020-10-02,1.1731044503,1.0762524888
2020-10-05,1.1736145593,1.0794240193
2020-10-06,1.1786166243,1.0816072684
2020-10-07,1.172804502,1.0780741284
2020-10-08,1.1766630316,1.079715387
2020-10-09,1.1771526757,1.0806604997
2020-10-12,1.1816728475,1.0875357527
2020-10-13,1.1796844396,1.0881392818
2020-10-14,1.1744186047,1.0816657653
2020-10-15,1.1753615646,1.084151868
2020-10-16,1.1709246334,1.0820754207
2020-10-19,1.1715104646,1.0816072684
2020-10-20,1.1767672925,1.0870628648
2020-10-21,1.1834731141,1.0920368672
2020-10-22,1.184580281,1.0917388124
2020-10-23,1.1800951487,1.0911550968
2020-10-26,1.1836183224,1.0940081175
2020-10-27,1.1825298903,1.0918818584
2020-10-28,1.1778716823,1.089099206
2020-10-29,1.1747688961,1.0875475802
2020-10-30,1.16857715,1.0824268009
2020-11-02,1.1643183364,1.0796920718
2020-11-03,1.1650610978,1.0775629836
2020-11-04,1.1615473354,1.0781322437
2020-11-05,1.173296689,1.0862952985
2020-11-06,1.1823866997,1.095218277
2020-11-09,1.1891505282,1.1003521127
2020-11-11,1.1825701881,1.0827315151
2020-11-12,1.1782441428,1.0806604997
2020-11-13,1.1804751339,1.0823096488
2020-11-16,1.1846855158,1.0853638682
2020-11-17,1.1862103401,1.0854581176
2020-11-18,1.1860482802,1.0864133151
2020-11-19,1.1846848803,1.0858706511
2020-11-20,1.1871242022,1.0872992574
2020-11-23,1.1874490096,1.0877960165
2020-11-24,1.1846994891,1.0846810495
2020-11-25,1.1908022739,1.0869447071
2020-11-26,1.1926833794,1.0913813614
2020-11-27,1.1912616057,1.09229929
2020-11-30,1.1967922523,1.0955422386
2020-12-01,1.1954540991,1.0911908165
2020-12-02,1.2074578734,1.1006306614
2020-12-03,1.2123064655,1.1074932997
2020-12-04,1.2144230235,1.1111728429
2020-12-07,1.2135634279,1.1112098853
2020-12-08,1.2112280156,1.1110246981
2020-12-09,1.2119797701,1.113982711
2020-12-10,1.2089080364,1.113226241
2020-12-11,1.215678165,1.1177930294
2020-12-14,1.2130313255,1.113598147
2020-12-15,1.2159175967,1.1171811286
2020-12-16,1.2155892049,1.1175057272
2020-12-17,1.221083832,1.1185056764
2020-12-18,1.2244592086,1.118493166
2020-12-21,1.218640395,1.1169939459
2020-12-22,1.2233146381,1.1172435367
2020-12-23,1.2173132864,1.1145414219
2020-12-24,1.2211759456,1.115697869
2020-12-28,1.2211937476,1.1125326806
2020-12-29,1.2234071033,1.1154738533
2020-12-30,1.2285964184,1.1213402258
2020-12-31,1.2288004311,1.1225612357
2021-01-04,1.2252893136,1.1202850005
2021-01-05,1.226882349,1.124125992
2021-01-06,1.2279576427,1.1253277517
2021-01-07,1.2325185853,1.1263798153
2021-01-08,1.2260033538,1.1179429849
2021-01-11,1.2179745735,1.1142185428
2021-01-13,1.2212189616,1.1174932392
2021-01-14,1.2153672896,1.1150260916
2021-01-15,1.2150483706,1.114529
2021-01-18,1.2083097199,1.1112222333
2021-01-19,1.2095347131,1.1115310228
2021-01-20,1.214525501,1.1152872422
2021-01-21,1.2125984252,1.1137221709
2021-01-22,1.2173592081,1.1185056764
2021-01-25,1.2171365964,1.117992979
2021-01-26,1.2141296837,1.1145041571
2021-01-27,1.216023401,1.116457703
2021-01-28,1.2092309062,1.1126936087
2021-01-29,1.210550326,1.1126688475
2021-02-01,1.21291712,1.110099687
2021-02-02,1.2084843529,1.1050212164
2021-02-03,1.2047146813,1.1031074537
2021-02-04,1.2030816641,1.1005943209
2021-02-05,1.1954799168,1.0944511328
2021-02-08,1.2034880524,1.099638219
2021-02-09,1.207837811,1.1042280894
2021-02-10,1.2123955664,1.109520798
2021-02-11,1.2120999844,1.1119265239
2021-02-12,1.2121481514,1.1112469302
2021-02-15,1.2131255,1.1110123545
2021-02-16,1.2143318557,1.1137593834
2021-02-17,1.2096282417,1.1087334937
2021-02-18,1.2042313241,1.1013337151
2021-02-19,1.2084349986,1.104057411
2021-02-22,1.2118718842,1.102924957
2021-02-23,1.2170739799,1.105827712
2021-02-24,1.2154105061,1.0927886875
2021-02-25,1.2162297892,1.0917388124
2021-02-26,1.2172785468,1.0942714888
2021-03-01,1.2081766968,1.0896451026
2021-03-02,1.2023974231,1.0808941156
2021-03-03,1.2083711875,1.0815487778
2021-03-04,1.2055232558,1.0766580534
2021-03-05,1.1961910649,1.0657345042
2021-03-08,1.1903770358,1.0623718514
2021-03-09,1.1854302536,1.0570042386
2021-03-10,1.1882384247,1.0643959553
2021-03-11,1.1927767255,1.0641241194
2021-03-12,1.1962454056,1.0684673904
2021-03-15,1.1947065715,1.0650761529
2021-03-16,1.1924279449,1.0670878107
2021-03-17,1.1900750465,1.0690385068
2021-03-19,1.1909562212,1.0667349377
2021-03-22,1.1893069433,1.0652576858
2021-03-23,1.1925070688,1.07103076
2021-03-24,1.18463609,1.0597261668
2021-03-25,1.1822106533,1.0581338751
2021-03-29,1.1785123793,1.053108249
2021-03-30,1.1771414117,1.053974009
2021-03-31,1.1712435179,1.0497365161
2021-04-01,1.1730585806,1.0481411217
2021-04-06,1.1813293613,1.0563901037
2021-04-07,1.1873085758,1.0634677557
2021-04-08,1.186620393,1.0645772564
2021-04-09,1.1908438638,1.0708931249
2021-04-12,1.188857766,1.0691070818
2021-04-13,1.189920072,1.0714209184
2021-04-14,1.1957938898,1.0757314974
2021-04-15,1.1975478007,1.071765412
2021-04-16,1.1956705963,1.0726966521
2021-04-19,1.194492791,1.0743677346
2021-04-20,1.2042367749,1.0813616506
2021-04-21,1.2037381359,1.0810109615
2021-04-22,1.2043204807,1.0806604997
2021-04-23,1.202436364,1.0799485944
2021-04-26,1.2108983672,1.0841988854
2021-04-27,1.2071332814,1.0811278326
2021-04-28,1.2079835569,1.081782778
2021-04-29,1.2146111256,1.0898944982
2021-04-30,1.2121849426,1.0896925977
2021-05-03,1.2027554361,1.083963839
2021-05-04,1.2049329689,1.0846457547
2021-05-05,1.2019639296,1.0838463539
2021-05-06,1.2008257119,1.0836114603
2021-05-07,1.206514864,1.0905363258
2021-05-10,1.2157745613,1.0982011465
2021-05-11,1.2134731427,1.0991305877
2021-05-12,1.2136277106,1.0940679635
2021-05-14,1.2079426486,1.0928245142
2021-05-17,1.2133732798,1.0974298194
2021-05-18,1.2163914642,1.0971528883
2021-05-19,1.2221168897,1.1023170705
2021-05-21,1.223258329,1.1035456923
2021-05-25,1.2226873585,1.1045452035
2021-05-26,1.2240236059,1.1051433371
2021-05-27,1.2184220968,1.1021955736
2021-05-28,1.2181044556,1.1023170705
2021-05-31,1.2197798569,1.1007154651
2021-06-01,1.2232285503,1.1018191033
2021-06-02,1.22231539,1.1033021834
2021-06-03,1.2207344222,1.1020741035
2021-06-04,1.2121968851,1.0952662592
2021-06-07,1.2160475483,1.1006548897
2021-06-08,1.2185315071,1.1028033261
2021-06-09,1.2180932713,1.1043256435
2021-06-10,1.2169229749,1.104777056
2021-06-11,1.2187828783,1.1074810344
2021-06-14,1.2097237666,1.1009699545
2021-06-15,1.2119788802,1.0999890001
2021-06-16,1.2122146483,1.1012124349
2021-06-17,1.199775374,1.0904174118
2021-06-18,1.1915772891,1.079004726
2021-06-21,1.1862034921,1.0731571209
2021-06-22,1.1907325846,1.0768551522
2021-06-23,1.1922629937,1.076078769
2021-06-24,1.1926668749,1.0771335322
2021-06-25,1.1939834696,1.079004726
2021-06-28,1.1925344023,1.0775978189
2021-06-29,1.1914145271,1.0756042207
2021-06-30,1.1905688574,1.0751416499
2021-07-01,1.1852196416,1.0693357286
2021-07-02,1.1843725285,1.0687642947
2021-07-05,1.1862305999,1.0740561731
2021-07-06,1.1867256447,1.0736295119
2021-07-07,1.1821989417,1.0711913791
2021-07-08,1.1785355425,1.0689470871
2021-07-09,1.1839179895,1.0813616506
2021-07-12,1.1869661705,1.0825439783
2021-07-13,1.1867477704,1.0823447918
2021-07-14,1.1780074803,1.0778533473
2021-07-15,1.1824230033,1.0817944807
2021-07-16,1.1805233842,1.0773656256
2021-07-19,1.1801914319,1.0766696455
2021-07-20,1.1798620095,1.078050884
2021-07-21,1.1773774225,1.0742984831
2021-07-22,1.1796124884,1.078818478
2021-07-23,1.1774910888,1.0768783451
2021-07-26,1.1771677701,1.0764842026
2021-07-27,1.1804244646,1.0811628988
2021-07-28,1.1822284756,1.0823096488
2021-07-29,1.1847845015,1.0883761428
2021-07-30,1.1881682265,1.0920964976
2021-08-02,1.1862342429,1.0923470168
2021-08-03,1.1873386991,1.0935654608
2021-08-04,1.1870453948,1.0954342301
2021-08-05,1.1834329856,1.0910836643
2021-08-06,1.1825609809,1.0908932234
2021-08-09,1.175447515,1.0816072684
2021-08-10,1.173237831,1.075476974
2021-08-12,1.1740596739,1.0740446373
2021-08-13,1.1738389113,1.0723515597
2021-08-16,1.1798561151,1.0818412939
2021-08-17,1.177245522,1.0842694193
2021-08-18,1.1717800713,1.0829660274
2021-08-19,1.1684309144,1.0768551522
2021-08-20,1.1678260588,1.0785043302
2021-08-23,1.1712707779,1.080777295
2021-08-24,1.1738838172,1.0841988854
2021-08-25,1.1735292208,1.0818529978
2021-08-26,1.1764463839,1.0828253078
2021-08-27,1.1747152964,1.0784229143
2021-08-30,1.1805344175,1.0870983172
2021-08-31,1.1802149144,1.0799719207
2021-09-01,1.1803128272,1.0794589752
2021-09-02,1.1838981035,1.0812447289
2021-09-03,1.1881730915,1.0834470953
2021-09-06,1.1875953889,1.0824268009
2021-09-07,1.1882513484,1.0830246713
2021-09-08,1.1847396478,1.0769479296
2021-09-09,1.1821864523,1.0745293561
2021-09-10,1.1821421629,1.0799369317
2021-09-13,1.1801486428,1.0771219302
2021-09-14,1.1807840486,1.0731571209
2021-09-15,1.1807143318,1.0764494392
2021-09-16,1.1817751326,1.0762293229
2021-09-17,1.1760105833,1.066860124
2021-09-20,1.1717932111,1.0617627385
2021-09-21,1.1738550087,1.0678398667
2021-09-22,1.1727448039,1.0713520463
2021-09-23,1.1693260707,1.0680337499
2021-09-24,1.1738269332,1.0705606526
2021-09-27,1.172344046,1.0701940262
2021-09-28,1.1689284493,1.068558728
2021-09-29,1.1682877201,1.0653144276
2021-09-30,1.1601755465,1.0600631798
2021-10-01,1.1574759654,1.0623041377
2021-10-04,1.1597935951,1.0639429727
2021-10-05,1.1604422158,1.0691870971
2021-10-06,1.1591226406,1.0657912967
2021-10-07,1.1558232332,1.0669170365
2021-10-08,1.1555853898,1.0655073946
2021-10-11,1.1574802309,1.0671561356
2021-10-12,1.1549220642,1.0668828883
2021-10-13,1.1550276949,1.0651896037
2021-10-14,1.1589047257,1.0708587216
2021-10-15,1.159958853,1.071535725
2021-10-18,1.1589496915,1.0713061364
2021-10-19,1.1631373896,1.0732722999
2021-10-20,1.1641954146,1.0713520463
2021-10-21,1.1661263047,1.0771335322
2021-10-22,1.1628869982,1.0783647677
2021-10-25,1.1642229372,1.0797037293
2021-10-26,1.1604068773,1.0752572553
2021-10-27,1.1600774985,1.0763683332
2021-10-28,1.1602868234,1.0782833729
2021-10-29,1.1676419181,1.0856230934
2021-11-01,1.1553732763,1.0807072148
2021-11-02,1.1601300438,1.0873229023
2021-11-03,1.1585350001,1.0832593106
2021-11-04,1.160282641,1.0854109909
2021-11-05,1.1543689636,1.0839755889
2021-11-08,1.1559489885,1.0835057913
2021-11-09,1.1583271907,1.083987339
2021-11-11,1.1469235162,1.0773888404
2021-11-12,1.1441694748,1.0731686377
2021-11-15,1.1458993085,1.0771451345
2021-11-16,1.1385090239,1.0717194667
2021-11-17,1.1321681967,1.0637279409
2021-11-18,1.1335831012,1.0673839487
2021-11-19,1.1354661655,1.0678398667
2021-11-22,1.1271127773,1.0650421224
2021-11-23,1.1235885899,1.0612106291
2021-11-24,1.123932439,1.0596138767
2021-11-25,1.1211147861,1.0600856549
2021-11-26,1.1224992044,1.0607828577
2021-11-29,1.1281864764,1.0697360961
2021-11-30,1.1305603263,1.0734220696
2021-12-01,1.1323611589,1.0746217331
2021-12-02,1.1332450274,1.0769015389
2021-12-03,1.1295180723,1.0757314974
2021-12-06,1.1291675629,1.0755001076
2021-12-07,1.1291995201,1.0713061364
2021-12-08,1.1289693384,1.071707981
2021-12-09,1.1332781724,1.0745639957
2021-12-10,1.1301244333,1.0717768989
2021-12-13,1.1294967892,1.0738600975
2021-12-14,1.1283497582,1.0723515597
2021-12-15,1.1260967849,1.0713405685
2021-12-16,1.1288674152,1.0713061364
2021-12-19,1.1244265809,1.0718113612
2021-12-20,1.1248432493,1.0717998735
2021-12-21,1.1285141857,1.0742638607
2021-12-22,1.1278369516,1.0715586893
2021-12-23,1.13399298,1.0766812378
2021-12-24,1.1325597446,1.0784229143
2021-12-27,1.1318526334,1.0766116877
2021-12-28,1.1327283714,1.079004726
2021-12-29,1.1306173559,1.0794822803
2021-12-30,1.1346442981,1.0816540654
2021-12-31,1.1372004992,1.0975249714
2022-01-03,1.1344535995,1.0827315151
2022-01-04,1.1300157399,1.0780741284
2022-01-05,1.1295463877,1.0805437296
2022-01-06,1.1318706224,1.0792259791
2022-01-07,1.1297466314,1.0745062644
2022-01-10,1.1339475015,1.0762293229
2022-01-11,1.1337151527,1.0685244746
2022-01-12,1.1370165509,1.0719492325
2022-01-13,1.1442100592,1.0823330772
2022-01-14,1.1473332753,1.0875712359
2022-01-17,1.1414534909,1.0821105484
2022-01-18,1.1416472627,1.083012942
2022-01-19,1.1323227743,1.0796571009
2022-01-20,1.1354822654,1.0820402952
2022-01-21,1.1330960931,1.0816423658
2022-01-24,1.1333997876,1.0834940516
2022-01-25,1.1315058124,1.0813733441
2022-01-26,1.1305314031,1.078771926
2022-01-27,1.1227051691,1.0710995908
2022-01-28,1.1153346813,1.0641694158
2022-01-31,1.1159765326,1.062834793
2022-02-01,1.1232881102,1.0682619378
2022-02-02,1.1276956966,1.0745178101
2022-02-03,1.1299661922,1.0766812378
2022-02-04,1.1462902549,1.0766928303
2022-02-07,1.1429915736,1.0693357286
2022-02-08,1.1430850779,1.0708357873
2022-02-09,1.1433575423,1.0711913791
2022-02-10,1.1431021178,1.071765412
2022-02-11,1.1405531924,1.0687642947
2022-02-14,1.1350591004,1.0696903247
2022-02-15,1.1319739845,1.0714783186
2022-02-16,1.1349095967,1.0698619878
2022-02-17,1.1381735787,1.0738600975
2022-02-18,1.1367490141,1.0745639957
2022-02-21,1.1359112574,1.0759282571
2022-02-22,1.1301548202,1.0803919662
2022-02-23,1.1322212788,1.0747949829
2022-02-24,1.1268676814,1.0772495664
2022-02-25,1.1212121212,1.071535725
2022-02-28,1.1155567423,1.0680907877
2022-03-01,1.1197622201,1.0769015389
2022-03-02,1.1126724194,1.0759398334
2022-03-03,1.1106654767,1.0752572553
2022-03-04,1.1030634668,1.0771683399
2022-03-07,1.0840240376,1.0750260694
2022-03-08,1.0870904928,1.0699077739
2022-03-09,1.09166143,1.0650874969
2022-03-10,1.1052479969,1.0668828883
2022-03-11,1.0996114748,1.0644526052
2022-03-14,1.0907534066,1.0571159762
2022-03-15,1.0971224918,1.0544185409
2022-03-16,1.096945817,1.0535298518
2022-03-17,1.1038825648,1.053041711
2022-03-18,1.1086237679,1.0564459047
2022-03-21,1.1048147519,1.0609854433
2022-03-22,1.099991536,1.0579995345
2022-03-23,1.1028522956,1.0603329445
2022-03-24,1.0985349892,1.0623718514
2022-03-25,1.1027902656,1.0678398667
2022-03-28,1.0957594661,1.0609291618
2022-03-29,1.0989903703,1.0605353582
2022-03-30,1.1102214651,1.0647359455
2022-03-31,1.117832618,1.0729613734
2022-04-01,1.1069543337,1.0707211307
2022-04-04,1.1049194695,1.0687528723
2022-04-05,1.0971922246,1.069221393
2022-04-06,1.089257798,1.0634790654
2022-04-07,1.0909158482,1.0618529334
2022-04-08,1.0867736639,1.059378145
2022-04-11,1.0889201719,1.0584474693
2022-04-12,1.0870716047,1.0630155625
2022-04-13,1.0828938013,1.0612444152
2022-04-14,1.0906178732,1.0607265977
2022-04-19,1.077750432,1.0472849139
2022-04-20,1.0795683722,1.0395658773
2022-04-21,1.0838629024,1.0417751849
2022-04-22,1.0838063023,1.0375919566
2022-04-25,1.0786692314,1.0341689418
2022-04-26,1.0724384547,1.0335062734
2022-04-27,1.0645576132,1.0288065844
2022-04-28,1.0547382616,1.0216174247
2022-04-29,1.0520728163,1.0198358064
2022-05-02,1.052409198,1.0156821321
2022-05-03,1.0521794625,1.0129967483
2022-05-04,1.0526895854,1.0111223458
2022-05-05,1.062462438,1.0186307565
2022-05-06,1.0523994708,1.0022852103
2022-05-09,1.0523358693,0.9997300729
2022-05-10,1.0561024506,0.9973768988
2022-05-12,1.0520939124,0.9956787542
2022-05-13,1.0378411421,0.9859599306
2022-05-16,1.040283167,0.9873325237
2022-05-17,1.0446225613,0.9883180803
2022-05-18,1.0540109934,0.9957779017
2022-05-19,1.0488279487,1.0030392088
2022-05-20,1.0573446069,1.0174699592
2022-05-24,1.0665970495,1.0237824667
2022-05-25,1.0714315126,1.0294208478
2022-05-30,1.0754613652,1.0332926905
2022-05-31,1.075185567,1.0309278351
2022-06-01,1.0718076063,1.0303860857
2022-06-02,1.0653110318,1.0280345008
2022-06-03,1.0762563737,1.0342652063
2022-06-07,1.0679961704,1.0185166324
2022-06-08,1.0686912803,1.0156924483
2022-06-09,1.0710898078,1.0112348188
2022-06-10,1.0624532687,1.0104071941
2022-06-13,1.047914019,1.0007105045
2022-06-14,1.0399968241,0.9924770242
2022-06-15,1.0438106556,0.9902951079
2022-06-16,1.0435895401,0.992024126
2022-06-17,1.053658088,1.0216696125
2022-06-20,1.0493822109,1.0228295557
2022-06-21,1.0531493443,1.0236776644
2022-06-22,1.0509266836,1.0228295557
2022-06-23,1.0560243692,1.0291030338
2022-06-24,1.0531672693,1.0301737903
2022-06-27,1.0561159564,1.0345862172
2022-06-28,1.0574218669,1.0355611706
2022-06-29,1.0531346437,1.0355611706
2022-06-30,1.0437535624,1.0363231256
2022-07-01,1.0470021247,1.0364305332
2022-07-04,1.0434980219,1.0329618114
2022-07-05,1.0437089778,1.0303860857
2022-07-06,1.0262377554,1.0225157979
2022-07-07,1.0183469388,1.0204081633
2022-07-08,1.0174664049,1.0172629523
2022-07-11,1.0153123105,1.0107135638
2022-07-12,1.0031529217,1.00732324
2022-07-13,1.0026492601,1.00732324
2022-07-14,1.0020364546,1.0081458182
2022-07-15,1.0032572961,1.0084508179
2022-07-18,1.0107831778,1.0163221335
2022-07-19,1.0126798761,1.0119613836
2022-07-20,1.0233216487,1.0219828511
2022-07-21,1.0193556278,1.0192537024
2022-07-22,1.0200433813,1.0231435061
2022-07-25,1.0199356384,1.0281401972
2022-07-26,1.0238763323,1.0278231733
2022-07-27,1.0144500937,1.02920895
2022-07-28,1.0208311806,1.0332926905
2022-07-29,1.0192628687,1.0367528899
2022-08-02,1.0268310748,1.043198865
2022-08-03,1.017074659,1.034201028
2022-08-04,1.016808973,1.0299615824
2022-08-05,1.0233287773,1.035453943
2022-08-08,1.0172545065,1.0288912668
2022-08-09,1.0192652469,1.0363231256
2022-08-10,1.0213861551,1.038162867
2022-08-11,1.0284998007,1.0489437137
2022-08-12,1.0305657126,1.0507292061
2022-08-15,1.0270667843,1.0507292061
2022-08-16,1.0155202527,1.045839129
2022-08-17,1.0171796931,1.04309005
2022-08-18,1.0188736238,1.0415907173
2022-08-19,1.0074175086,1.0330791959
2022-08-22,1.0028067279,1.0318852544
2022-08-23,0.994186166,1.0271791606
2022-08-24,0.9949254711,1.0251573617
2022-08-25,0.9986564792,1.0255884314
2022-08-26,0.9967879317,1.0262199189
2022-08-29,0.9928913583,1.0213565658
2022-08-30,0.9990693203,1.0227249484
2022-08-31,1.0019515368,1.016425435
2022-09-02,0.9958220222,1.0091733861
2022-09-05,0.9917925346,1.0082881284
2022-09-06,0.9962118143,1.012883883
2022-09-07,0.9886272303,1.00466163
2022-09-08,0.9985724121,1.0124736757
2022-09-09,1.0051732792,1.0244117316
2022-09-12,1.0088116194,1.0330151647
2022-09-13,1.0132220409,1.0394686236
2022-09-14,0.9981357695,1.0299615824
2022-09-15,0.9981377068,1.0288912668
2022-09-16,0.9997940289,1.0298555113
2022-09-19,1.0010363758,1.026114617
2022-09-20,1.0023284201,1.0257357089
2022-09-21,0.9966832334,1.026862729
2022-09-22,0.9819153182,1.0234681241
2022-09-23,0.9837380263,1.0125761964
2022-09-26,0.9653945764,1.0077292836
2022-09-27,0.9632674235,0.997625651
2022-09-28,0.9560713218,0.9961151509
2022-09-29,0.9688221241,1.0122686966
2022-09-30,0.9810384205,1.0150738466
2022-10-04,0.9811822601,0.9961746892
2022-10-05,0.9969400121,1.0098969905
2022-10-06,0.9913365338,1.0085525254
2022-10-07,0.9797515416,0.9994303247
2022-10-10,0.9748415767,0.9963732015
2022-10-11,0.9697272484,0.9893056064
2022-10-31,0.9697272484,0.9893056064
2022-11-08,1.0008093444,0.9991906556
2022-11-09,1.0080385044,1.0048130545
2022-11-11,1.0194995491,1.0246741536
2022-11-14,1.0326015195,1.0479434111
2022-11-15,1.0320771529,1.0482729703
2022-11-17,1.0372111037,1.0467258416
2022-11-18,1.0368610406,1.0398036851
2022-11-21,1.0290999534,1.0363231256
2022-11-22,1.0265453755,1.0349074275
2022-11-23,1.0326074505,1.0414388519
2022-11-25,1.0410994819,1.0487237033
2022-11-28,1.0363362515,1.0459485184
2022-11-29,1.0349784579,1.043198865
2022-11-30,1.0352196815,1.0389286568
2022-12-01,1.0426204045,1.0495051583
2022-12-05,1.0583752315,1.0584810797
2022-12-06,1.049790483,1.0502105672
2022-12-07,1.0469094807,1.0508396209
2022-12-08,1.0498781154,1.0507292061
2022-12-09,1.0574439913,1.0592659287
2022-12-12,1.0510269882,1.0571159762
2022-12-13,1.0510269882,1.0571159762
2022-12-14,1.0626298352,1.0653144276
2022-12-15,1.0662167365,1.0695644733
2022-12-16,1.064852506,1.0684103123
2022-12-19,1.0611256809,1.0617627385
2022-12-20,1.0614164004,1.0649627263
2022-12-21,1.0613091809,1.0668032175
2022-12-22,1.062595665,1.070377308
2022-12-23,1.0610230364,1.0625637538
2022-12-27,1.0649382427,1.0638637403
2022-12-28,1.0638241243,1.0646225913
2022-12-30,1.0657458741,1.0723515597
2023-01-04,1.0566539521,1.0595465141
2023-01-06,1.0523222007,1.0572277374
2023-01-09,1.0676250989,1.0696788824
2023-01-10,1.0729289718,1.0739062265
2023-01-12,1.076523347,1.06267667
2023-01-13,1.0846649965,1.0660412558
2023-01-16,1.086956055,1.0733990254
2023-01-17,1.0814334682,1.0678398667
2023-01-19,1.0792050349,1.0795288936
2023-01-20,1.0837097227,1.0805437296
2023-01-23,1.0898144854,1.0779462967
2023-01-24,1.0881051116,1.0743215659
2023-01-26,1.0914819691,1.0790512981
2023-01-27,1.0881051116,1.0743215659
2023-01-31,1.0851827257,1.0710766462
2023-02-01,1.0853999547,1.0796454444
2023-02-02,1.1017539264,1.091429008
2023-02-06,1.0789558078,1.068992795
2023-02-08,1.0730743628,1.0736756211
2023-02-10,1.0725582493,1.0722365783
2023-02-13,1.066741561,1.0699192211
2023-02-15,1.0727200541,1.0730419667
2023-02-17,1.0647341656,1.0661094468
2023-02-20,1.0685041477,1.070377308
2023-02-21,1.0663317767,1.0710766462
2023-02-22,1.0656220962,1.0680679718
2023-02-23,1.0625233038,1.0653144276
2023-02-24,1.0597113,1.0598384806
2023-02-27,1.0552100761,1.0522217663
2023-02-28,1.0593722239,1.0575743475
2023-03-01,1.0583940838,1.0519561124
2023-03-02,1.0653686844,1.0512815122
2023-03-03,1.0602510988,1.0515025972
2023-03-06,1.0643949813,1.057909993
2023-03-07,1.068602313,1.063931653
2023-03-08,1.0531772014,1.0492739025
2023-03-09,1.0542331521,1.0518454629
2023-03-10,1.0589399113,1.0637053111
2023-03-13,1.0729193702,1.0814084263
2023-03-14,1.0700554809,1.0836114603
2023-03-15,1.0753608102,1.0843282045
2023-03-16,1.0592637476,1.0630268627
2023-03-17,1.0634193727,1.0674864963
2023-03-20,1.067806213,1.068992795
2023-03-21,1.0721419816,1.0659276235
2023-03-22,1.0767786445,1.0729268371
2023-03-23,1.0895412685,1.0808941156
2023-03-24,1.0819794161,1.078818478
2023-03-27,1.0759444624,1.0763104079
2023-03-28,1.0814129776,1.0829073898
2023-03-29,1.0843249059,1.0758472297
2023-03-30,1.082881137,1.0766580534
2023-03-31,1.0905682458,1.0836114603
2023-04-03,1.0807303195,1.079715387
2023-04-04,1.0890102271,1.0833766684
2023-04-05,1.0957209668,1.0927051007
2023-04-06,1.0891100997,1.0915004857
2023-04-11,1.0877185334,1.0899420151
2023-04-14,1.1062767475,1.1144793153
2023-04-17,1.0971010165,1.1060601033
2023-04-19,1.0969244182,1.1035456923
2023-04-21,1.0964602064,1.1086105784
2023-04-24,1.0987153032,1.1094100158
2023-04-25,1.1054170806,1.1162333821
2023-04-27,1.1044205708,1.1109753252
2023-04-28,1.1025547284,1.1078613844
2023-05-01,1.1000718907,1.1060111707
2023-05-03,1.1019966242,1.1104695065
2023-05-05,1.1034571521,1.1191816544
2023-05-08,1.1030363697,1.1122233344
2023-05-09,1.0987248046,1.1117658176
2023-05-11,1.0980861244,1.112718371
2023-05-12,1.0923677411,1.1088564364
2023-05-16,1.0877965165,1.1058888582
2023-05-17,1.08701511,1.1045330034
2023-05-19,1.0762965716,1.0932307154
2023-05-22,1.0823041637,1.1026817219
2023-05-23,1.0804038358,1.1009699545
2023-05-24,1.0772374246,1.0985268755
2023-05-25,1.0743567594,1.0934817553
2023-05-26,1.073228648,1.0942714888
2023-05-30,1.0725995573,1.095842374
2023-05-31,1.0713186417,1.0915004857
2023-06-01,1.0691773301,1.0871810483
2023-06-02,1.0762097436,1.0935535021
2023-06-05,1.0698531811,1.0875475802
2023-06-06,1.0715003935,1.0929439538
2023-06-07,1.0694991651,1.0913813614
2023-06-08,1.0708413637,1.0888620303
2023-06-09,1.0780611852,1.1008487544
2023-06-12,1.0734914171,1.0947626555
2023-06-13,1.0764528327,1.0896925977
2023-06-14,1.0792580839,1.0942714888
2023-06-15,1.0810212337,1.0962147704
2023-06-16,1.0943528158,1.1099025506
2023-06-20,1.0910827252,1.1040330327
2023-06-21,1.0911113804,1.1015763558
2023-06-22,1.0991765803,1.1097301136
2023-06-23,1.0945405537,1.1047038289
2023-06-26,1.0904128359,1.1050212164
2023-06-27,1.0922719478,1.1063782707
2023-06-28,1.0940759998,1.106255877
2023-06-29,1.0904598005,1.1031682994
2023-06-30,1.0860943195,1.1010911814
2023-07-03,1.0908316838,1.1058154836
2023-07-05,1.0874481511,1.1031682994
2023-07-06,1.0849375751,1.1019405173
2023-07-07,1.0886832253,1.1043988205
2023-07-11,1.1007327032,1.1186307959
2023-07-12,1.1026901481,1.1274719823
2023-07-14,1.1232195212,1.1542812291
2023-07-17,1.121571015,1.1487386849
2023-07-18,1.1244645078,1.1515961122
2023-07-19,1.1224148278,1.1540947281
2023-07-20,1.1224992199,1.1557620517
2023-07-21,1.1139055284,1.1431706982
2023-07-25,1.1074679578,1.1392765594
2023-07-26,1.1038482658,1.14395534
2023-07-27,1.1098583439,1.1516756881
2023-07-28,1.0981147121,1.1391467791
2023-07-31,1.1014468046,1.1365315331
2023-08-02,1.0990779756,1.1327080785
2023-08-04,1.0954414663,1.1328363958
2023-08-07,1.0997567461,1.1314137014
2023-08-08,1.0976741554,1.1317978609
2023-08-09,1.09630677,1.1311577399
2023-08-10,1.0972314707,1.1286299561
2023-08-11,1.0994101162,1.1300456538
2023-08-15,1.0909131915,1.1276754099
2023-08-16,1.0903017945,1.126519393
2023-08-18,1.0890412504,1.1276754099
2023-08-21,1.0869769998,1.1214156751
2023-08-22,1.0905779121,1.1278534693
2023-08-23,1.0854522952,1.1251125113
2023-08-24,1.0861174401,1.1279297976
2023-08-25,1.078921481,1.1178680021
2023-08-28,1.0802239642,1.1198208287
2023-08-29,1.0832015965,1.1211642169
2023-08-30,1.0870755195,1.1263163823
2023-08-31,1.0929117694,1.127980689
2023-09-01,1.0850403059,1.1211642169
2023-09-05,1.0788410985,1.1186307959
2023-09-06,1.0713967972,1.1120996441
2023-09-07,1.0732769636,1.1110987656
2023-09-08,1.0720356401,1.1109753252
2023-09-11,1.0718932481,1.110148982
2023-09-12,1.0740629718,1.1102229328
2023-09-13,1.0757229156,1.1104695065
2023-09-14,1.0737413064,1.1092254279
2023-09-15,1.0639205802,1.1055098611
2023-09-18,1.0661498765,1.1026817219
2023-09-19,1.0683402453,1.1029736169
2023-09-20,1.0685753358,1.1028519752
2023-09-21,1.0636593685,1.1002310485
2023-09-22,1.0641360827,1.0939123776
2023-09-25,1.0646424753,1.0910122412
2023-09-26,1.058520391,1.0849164072
2023-09-27,1.0568380779,1.080777295
2023-09-28,1.0512630255,1.0753728855
2023-09-29,1.05735318,1.0825439783
2023-10-02,1.0568766484,1.0808941156
2023-10-03,1.0470853226,1.0777139532
2023-10-04,1.0467064839,1.0742061616
2023-10-05,1.0525648802,1.0831419783
2023-10-06,1.0543646792,1.084257663
2023-10-09,1.0563320489,1.0885420068
2023-10-11,1.060755031,1.0948825191
2023-10-13,1.0541994479,1.0911908165
2023-10-16,1.0520076398,1.0976707427
2023-10-17,1.0551983381,1.0991305877
2023-10-18,1.0566303511,1.1004732035
2023-10-19,1.0536070213,1.1012124349
2023-10-20,1.0567449802,1.1087334937
2023-10-23,1.0579422902,1.1072480457
2023-10-24,1.0668465827,1.1105928345
2023-10-25,1.0591090964,1.1083648294
2023-10-26,1.0552516049,1.1030466147
2023-10-27,1.0554638495,1.1004732035
2023-10-30,1.056181007,1.0962147704
2023-10-31,1.0600710978,1.0971890018
2023-11-01,1.0571428571,1.08802089
2023-11-02,1.0594604072,1.095842374
2023-11-03,1.0628320906,1.0933024293
2023-11-06,1.0732842272,1.1026817219
2023-11-07,1.0714804623,1.1007154651
2023-11-08,1.069392377,1.0993722584
2023-11-09,1.0710323575,1.1005943209
2023-11-10,1.067394306,1.095842374
2023-11-13,1.0683768186,1.0971890018
2023-11-14,1.0699315279,1.0973093974
2023-11-15,1.0879421884,1.1134741507
2023-11-16,1.083137482,1.1138462224
2023-11-17,1.0852917906,1.114342705
2023-11-20,1.0921363407,1.1193821011
2023-11-21,1.0959723872,1.1206490799
2023-11-22,1.0914449649,1.1206490799
2023-11-23,1.0903759685,1.1212899319
2023-11-24,1.0894892879,1.1187559434
2023-11-27,1.0944205045,1.1221833199
2023-11-28,1.0957817773,1.1248593926
2023-11-29,1.1004550741,1.129216211
2023-11-30,1.0975573767,1.1350480125
2023-12-01,1.0905745825,1.1321822813
2023-12-04,1.0881844052,1.1383039271
2023-12-05,1.0836197022,1.134134032
2023-12-06,1.0791419784,1.1307612285
2023-12-07,1.0761766901,1.130889105
2023-12-08,1.0791899994,1.1312857062
2023-12-11,1.076690121,1.1258091753
2023-12-12,1.076049956,1.1271669785
2023-12-13,1.0787760269,1.1303777723
2023-12-14,1.0904766251,1.1407971891
2023-12-15,1.0997750037,1.1421131377
2023-12-18,1.0905666818,1.1379153391
2023-12-19,1.0920236994,1.141591607
2023-12-20,1.0966763205,1.1492667678
2023-12-21,1.0949800211,1.1482110871
2023-12-22,1.1001421357,1.1555750719
2023-12-27,1.1033923064,1.1593665221
2023-12-28,1.1119289609,1.1777037133
2023-12-29,1.106938555,1.1746326336
2024-01-03,1.0950500815,1.1646866993
2024-01-04,1.0919133069,1.1652295502
2024-01-05,1.0943183141,1.1642798929
2024-01-08,1.0936079166,1.1628312616
2024-01-09,1.0960061713,1.1688114357
2024-01-10,1.0934810634,1.1613997189
2024-01-11,1.0975078607,1.1645510656
2024-01-12,1.0979339515,1.1620070185
2024-01-15,1.0967678246,1.1613997189
2024-01-16,1.0923266927,1.1542279369
2024-01-17,1.087496553,1.1490026657
2024-01-18,1.0891955339,1.1451474377
2024-01-19,1.0888861022,1.140003876
2024-01-22,1.0907960483,1.1407971891
2024-01-23,1.0890721979,1.1409273457
2024-01-24,1.0856378741,1.138044839
2024-01-25,1.0877856038,1.145278589
2024-01-26,1.0844859685,1.142165317
2024-01-29,1.0844051631,1.1463420226
2024-01-30,1.083210773,1.1490026657
2024-01-31,1.0817857512,1.1470652336
2024-02-01,1.0816912077,1.1476708021
2024-02-02,1.0881227825,1.1557086227
2024-02-05,1.0777706803,1.1406670621
2024-02-06,1.0747745391,1.1372553479
2024-02-07,1.0766936127,1.1385631333
2024-02-08,1.0783637539,1.1343913423
2024-02-09,1.077707526,1.1330931176
2024-02-12,1.0795457119,1.1323233009
2024-02-13,1.0766485595,1.1293437384
2024-02-14,1.0711375534,1.1162333821
2024-02-15,1.0728179217,1.1178680021
2024-02-16,1.0758220894,1.1234566514
2024-02-19,1.0780777744,1.1235828811
2024-02-20,1.0766514589,1.1209631315
2024-02-21,1.081248385,1.1234566514
2024-02-23,1.0824816451,1.1243408552
2024-02-28,1.0834045905,1.1251125113
2024-02-29,1.0835230731,1.1271669785
2024-03-01,1.0816162068,1.1192568135
2024-03-04,1.084197661,1.1212899319
2024-03-05,1.084790288,1.1178680021
2024-03-07,1.0894019665,1.1224352355
2024-03-08,1.0944309108,1.1278025894
2024-03-12,1.0933128779,1.1280570346
2024-03-13,1.0925119574,1.1280570346
2024-03-14,1.0943935862,1.1260120033
2024-03-15,1.0875664187,1.1186307959
2024-03-18,1.0890192077,1.1212899319
2024-03-19,1.0871541744,1.1142185428
2024-03-20,1.0865822559,1.113598147
2024-03-21,1.0932386332,1.1185056764
2024-03-22,1.0839110818,1.1004732035
2024-03-25,1.0817888977,1.1031682994
2024-03-26,1.083896161,1.0999890001
2024-03-27,1.082727432,1.095002409
2024-03-28,1.082105148,1.0941517588
2024-04-03,1.0770673004,1.0900608254
2024-04-04,1.0841454458,1.0962147704
2024-04-05,1.0825425384,1.0970565971
2024-04-08,1.0835231753,1.0952422676
2024-04-09,1.0857789538,1.0934219734
2024-04-10,1.0854147496,1.0954822313
2024-04-11,1.0745150342,1.0843282045
2024-04-12,1.0724186704,1.08802089
2024-04-15,1.0648834287,1.0833766684
2024-04-16,1.0613212151,1.084563409
2024-04-17,1.0627841125,1.0849164072
2024-04-18,1.0671913557,1.0870628648
2024-04-19,1.061571681,1.0905363258
2024-04-22,1.0667456857,1.0874174922
2024-04-23,1.0650843264,1.0852814135
2024-04-24,1.0708389451,1.0861537125
2024-04-25,1.0707410816,1.0826611812
2024-04-26,1.0723523736,1.0840931019
2024-04-29,1.0715192001,1.084445794
2024-04-30,1.0704154992,1.0859885754
2024-05-02,1.07143397,1.079715387
2024-05-03,1.0737130972,1.0889806053
2024-05-06,1.0770693953,1.0931829114
2024-05-07,1.0763432885,1.0907742315
2024-05-08,1.0740942404,1.0889806053
2024-05-10,1.0774782447,1.0918580148
2024-05-13,1.0766779091,1.0915004857
2024-05-14,1.0785123517,1.0896925977
2024-05-15,1.0820601308,1.0920964976
2024-05-16,1.0885601144,1.0999890001
2024-05-17,1.0863173519,1.0913813614
2024-05-21,1.0855286743,1.0863543036
2024-05-22,1.0859462456,1.0868265751
2024-05-23,1.0827138452,1.0820754207
2024-05-24,1.0808397814,1.082192522
2024-05-27,1.084947226,1.0825439783
2024-05-28,1.0875917162,1.0853992098
2024-05-29,1.0852999284,1.0855170318
2024-05-30,1.0799683723,1.0831419783
2024-05-31,1.0820128433,1.095842374
2024-06-03,1.0856222728,1.0991305877
2024-06-04,1.0910859138,1.1051433371
2024-06-05,1.0882297374,1.1113457285
2024-06-06,1.0895346641,1.1108519123
2024-06-07,1.0897464413,1.1120996441
2024-06-10,1.0774860095,1.1037893087
2024-06-11,1.0766309328,1.1040330327
2024-06-12,1.0738274273,1.1025601447
2024-06-13,1.0805486422,1.1061335103
2024-06-14,1.0743957286,1.1077386623
2024-06-17,1.0702703904,1.1113457285
2024-06-18,1.0729719801,1.113226241
2024-06-19,1.0738435359,1.1195199498
2024-06-20,1.0743720169,1.1203979654
2024-06-21,1.0705866684,1.1098532774
2024-06-24,1.0689124222,1.1077386623
2024-06-25,1.0730314022,1.1092254279
2024-06-26,1.0713740669,1.1058888582
2024-06-27,1.0689860638,1.1034239244
2024-06-28,1.0687967444,1.0998680158
2024-07-01,1.0745074298,1.1007154651
2024-07-02,1.0734543143,1.095842374
2024-07-03,1.0739642056,1.0946308358
2024-07-04,1.0789112208,1.0988890232
2024-07-05,1.0815430332,1.1005943209
2024-07-08,1.082866147,1.1057665727
2024-07-09,1.0820233755,1.1015763558
2024-07-10,1.0813930414,1.1024385942
2024-07-11,1.0839859454,1.1014550221
2024-07-12,1.0865245565,1.1039111572
2024-07-15,1.0889443794,1.1048991227
2024-07-16,1.089406096,1.1051433371
2024-07-17,1.0900735294,1.1073706591
2024-07-18,1.0933788549,1.1193821011
2024-07-19,1.0886201405,1.113598147
2024-07-22,1.0887624055,1.1138462224
2024-07-23,1.0887936791,1.112842199
2024-07-24,1.0849986677,1.1102229328
2024-07-25,1.0838446037,1.1195700851
2024-07-26,1.0858434243,1.1243408552
2024-07-29,1.0867624463,1.1215414466
2024-07-30,1.0817488584,1.1164826331
2024-07-31,1.082248069,1.1226872642
2024-08-02,1.0790557326,1.1343913423
2024-08-05,1.0918148642,1.1585471818
2024-08-06,1.0954090199,1.1578764546
2024-08-07,1.0918307189,1.155975817
2024-08-08,1.0925627446,1.1512779185
2024-08-09,1.0917308527,1.1427787809
2024-08-12,1.0920999943,1.1440993078
2024-08-13,1.0935621042,1.1430922933
2024-08-14,1.099639485,1.1444921316
2024-08-15,1.1005075098,1.1430400293
2024-08-16,1.0983625186,1.1363507233
2024-08-19,1.1032356065,1.1421131377
2024-08-20,1.1081096608,1.1490026657
2024-08-21,1.1123092621,1.1595009508
2024-08-22,1.1140013703,1.1612648497
2024-08-23,1.1123736639,1.1630476501
2024-08-26,1.1192862238,1.1693581393
2024-08-27,1.1169863366,1.1688114357
2024-08-29,1.1076975214,1.1685928973
2024-08-30,1.1073878042,1.1684017433
2024-09-02,1.1049138333,1.1644154634
2024-09-03,1.1065387118,1.1618180128
2024-09-04,1.1051557453,1.166194358
2024-09-05,1.1076475332,1.1688114357
2024-09-06,1.1110511244,1.1736538191
2024-09-09,1.1080710874,1.1707408448
2024-09-10,1.1036700454,1.1650937901
2024-09-11,1.103544022,1.1715775291
2024-09-12,1.100915619,1.1619530106
2024-09-16,1.1088132543,1.1684017433
2024-09-17,1.113065916,1.1728829463
2024-09-18,1.112814088,1.1708779243
2024-09-19,1.1084177436,1.1642798929
2024-09-20,1.1157141688,1.1689480636
2024-09-23,1.1156833562,1.1627636567
2024-09-24,1.1107331954,1.1688114357
2024-09-25,1.1186657737,1.1749086509
2024-09-26,1.1134964685,1.1635889738
2024-09-27,1.1162918331,1.1677059249
2024-09-30,1.1163691142,1.1768721093
2024-10-01,1.1140631406,1.1714402858
2024-10-02,1.1073713263,1.1694948952
2024-10-03,1.1039119804,1.1642798929
2024-10-04,1.1027279487,1.1618180128
2024-10-07,1.0973475842,1.1542279369
2024-10-08,1.0984765924,1.1593665221
2024-10-09,1.0971164058,1.1543611765
2024-10-10,1.0940624245,1.150469967
2024-10-11,1.0930168114,1.154627748
2024-10-14,1.0923204688,1.1534291448
2024-10-15,1.0906730394,1.1489234587
2024-10-16,1.0892098068,1.1488706601
2024-10-18,1.0834762133,1.1430400293
2024-10-21,1.0862832618,1.1444921316
2024-10-22,1.0815929507,1.1443611604
2024-10-23,1.0794796533,1.1421131377
2024-10-24,1.0780520118,1.1421131377
2024-10-25,1.0824360469,1.1430400293
2024-10-28,1.0784925424,1.1385631333
2024-10-29,1.0811352063,1.1443611604
2024-10-30,1.0818383091,1.141239843
2024-10-31,1.0850684524,1.1427787809
2024-11-01,1.0876792998,1.145685349
2024-11-04,1.0894956781,1.1448852253
2024-11-05,1.0878181777,1.1455541045
2024-11-06,1.0761430532,1.1342626725
2024-11-07,1.0734489464,1.1305055621
2024-11-08,1.0779940816,1.1337997029
2024-11-11,1.0720747174,1.1293437384
2024-11-12,1.0641158105,1.1230655196
2024-11-13,1.0623302888,1.1220574045
2024-11-14,1.0549945887,1.1157352137
2024-11-15,1.0541250598,1.113226241
2024-11-18,1.0541715917,1.1151006936
2024-11-19,1.0591030325,1.1206490799
2024-11-20,1.0592448136,1.120787241
2024-11-21,1.0550441228,1.1212899319
2024-11-22,1.0471431602,1.1166073004
2024-11-25,1.0485479025,1.112718371
2024-11-26,1.0459430534,1.1148520591
2024-11-27,1.0485273085,1.117368374
2024-11-28,1.055821461,1.1209128714
2024-11-29,1.0571640349,1.1230655196
2024-12-02,1.0523812189,1.1192568135
2024-12-03,1.0488248149,1.1149763625
2024-12-04,1.0497841052,1.1157352137
2024-12-05,1.0517951934,1.1198960736
2024-12-06,1.0574138961,1.1266463119
2024-12-09,1.0552258471,1.1261388079
2024-12-10,1.0549865351,1.1267732594
2024-12-11,1.0535752329,1.1212899319
2024-12-12,1.0501433306,1.119770671
2024-12-13,1.0461395163,1.1088564364
2024-12-16,1.0512481677,1.1104695065
2024-12-17,1.0519318056,1.1070519207
2024-12-18,1.0500537676,1.1086105784
2024-12-19,1.0388033436,1.0998680158
2024-12-20,1.0359796292,1.1023170705
2024-12-23,1.043753394,1.1082419957
2024-12-24,1.0396147496,1.1007154651
2024-12-27,1.040904589,1.1004732035
2024-12-30,1.0425676714,1.0976707427
2024-12-31,1.0411654403,1.096575395
2025-01-03,1.0271647597,1.086590388
2025-01-06,1.0313962346,1.0882576994
2025-01-07,1.0379922594,1.0933024293
2025-01-08,1.0356423352,1.0889806053
2025-01-09,1.0314167418,1.0867084687
2025-01-10,1.0301122425,1.0855170318
2025-01-13,1.0240072573,1.0799485944
2025-01-14,1.0242340465,1.0799485944
2025-01-15,1.0293310779,1.0843282045
2025-01-16,1.0283674864,1.0847987156
2025-01-17,1.0301126917,1.0867084687
2025-01-20,1.0288534466,1.0834940516
2025-01-21,1.0383776236,1.0908932234
2025-01-22,1.0411958029,1.0918580148
2025-01-23,1.0402131307,1.0918580148
2025-01-24,1.0446018628,1.0931829114
2025-01-27,1.0465581075,1.0921442067
2025-01-28,1.0433693286,1.0940799335
2025-01-29,1.0431368684,1.0951223252
2025-01-30,1.0423468775,1.0919772432
2025-01-31,1.0389009793,1.0881392818
2025-02-03,1.0223381617,1.0801819026
2025-02-04,1.0321487531,1.0861065253
2025-02-06,1.0394439446,1.0971890018
2025-02-07,1.0387363958,1.0927051007
2025-02-10,1.0298094453,1.0851636427
2025-02-11,1.0292424966,1.0858706511
2025-02-12,1.0360894594,1.0840931019
2025-02-13,1.0401939199,1.084563409
2025-02-14,1.0455780227,1.0953622363
2025-02-17,1.0498734734,1.1002310485
2025-02-18,1.0468976419,1.097791244
2025-02-19,1.0452059749,1.0959024208
2025-02-20,1.0433552942,1.0962147704
2025-02-21,1.0498793508,1.1018191033
2025-02-24,1.0517134714,1.1047526459
2025-02-25,1.047226544,1.1034239244
2025-02-26,1.0508476454,1.108033241
2025-02-27,1.0471954562,1.1050212164
2025-02-28,1.0383467835,1.1009699545
2025-03-03,1.0414608986,1.0974298194
2025-03-04,1.0484058003,1.1043988205
2025-03-05,1.0625853967,1.1108519123
2025-03-06,1.0803890653,1.1103462059
2025-03-07,1.0688525682,1.1103462059
2025-03-10,1.0840196023,1.1265701572
2025-03-11,1.0854882872,1.1267732594
2025-03-12,1.09001501,1.1201469633
2025-03-13,1.0896093978,1.1230655196
2025-03-14,1.0873408055,1.1230655196
2025-03-17,1.0880475679,1.119770671
2025-03-18,1.0905650631,1.1229394062
2025-03-19,1.0939203449,1.1285790062
2025-03-20,1.0906852502,1.1294712945
2025-03-21,1.0844426003,1.1214156751
2025-03-24,1.0824671834,1.1200215044
2025-03-25,1.0796333236,1.1206490799
2025-03-26,1.0794031591,1.1210385301
2025-03-27,1.0777574622,1.1217175739
2025-03-28,1.0793855614,1.1220574045
2025-03-31,1.0833389621,1.1257458066
2025-04-01,1.0818022943,1.1202724503
2025-04-02,1.0792975225,1.1200215044
2025-04-03,1.0913226546,1.1288338018
2025-04-04,1.1068488716,1.1561228265
2025-04-07,1.0966136611,1.1573270375
2025-04-08,1.0960074838,1.1549077806
2025-04-09,1.1020456011,1.1722642284
2025-04-10,1.0973149298,1.1608604298
2025-04-11,1.130524028,1.207437817
2025-04-14,1.1390264026,1.2133566298
2025-04-15,1.1321784815,1.2105365098
2025-04-16,1.1324372716,1.2098042537
2025-04-17,1.1364021395,1.2100970498
2025-04-22,1.1490513583,1.219333756
2025-04-23,1.1405485527,1.2050806199
2025-04-24,1.1349942617,1.1954858454
2025-04-25,1.1343658784,1.1913981057
2025-04-28,1.1350421222,1.1949572803
2025-04-29,1.1391243702,1.2024578238
2025-04-30,1.1357292142,1.2011434886
2025-05-01,1.1309037796,1.1972176661
2025-05-02,1.1292118755,1.1923214499
2025-05-05,1.1331400455,1.203036464
2025-05-06,1.1292754667,1.200552254
2025-05-07,1.1339946805,1.1980926365
2025-05-08,1.1332442551,1.203760548
2025-05-09,1.1210107805,1.1885942496
2025-05-12,1.1220368328,1.1858598077
2025-05-13,1.1103432902,1.1732407255
2025-05-14,1.1185758624,1.1800941715
2025-05-15,1.1193681481,1.1788282447
2025-05-16,1.120020429,1.1877330926
2025-05-19,1.1174006178,1.1834739695
2025-05-20,1.1237620827,1.1860285833
2025-05-21,1.12967892,1.1989545117
2025-05-22,1.1337256079,1.2008405884
2025-05-23,1.1313687689,1.197418366
2025-05-26,1.1404977621,1.2064035903
2025-05-27,1.1393672262,1.2075836252
2025-05-28,1.1318841619,1.195685965
2025-05-30,1.1354330898,1.2035287463
2025-06-02,1.1368432464,1.204500012
2025-06-03,1.1423819833,1.2094969702
2025-06-04,1.1385129852,1.2028917518
2025-06-05,1.1416049039,1.2090582645
2025-06-06,1.1439842685,1.2064035903
2025-06-10,1.1391545708,1.2015764683
2025-06-11,1.140601133,1.2027470743
2025-06-12,1.1516899548,1.2118714931
2025-06-13,1.1545541448,1.2255502721
2025-06-16,1.1526704532,1.2188284621
2025-06-17,1.1553804242,1.2161899202
2025-06-18,1.1492781556,1.2121652909
2025-06-19,1.1450809089,1.2066947424
2025-06-20,1.1510783517,1.2123122431
2025-06-23,1.1497116047,1.2092044644
2025-06-24,1.1589810406,1.2176856666
2025-06-25,1.1627360522,1.2302392815
2025-06-26,1.1683090264,1.2317698069
2025-06-27,1.1700275714,1.2363843177
2025-06-30,1.1719406537,1.2394799142
2025-07-01,1.1779209268,1.2483926944
2025-07-02,1.1792674689,1.2509069075
2025-07-03,1.180152901,1.2512355952
2025-07-04,1.175580599,1.2452524749
2025-07-07,1.1775154567,1.2465097726
2025-07-08,1.1738142256,1.2419737447
2025-07-09,1.1718930609,1.2428999341
2025-07-10,1.1740281472,1.2487668427
2025-07-11,1.1673450141,1.2408795354
2025-07-14,1.168437667,1.242807253
2025-07-15,1.1667907392,1.2407255763
2025-07-16,1.1609493468,1.2348423106
2025-07-17,1.1627631189,1.2352999308
2025-07-18,1.1627390774,1.23315206
2025-07-21,1.1614627043,1.2341412845
2025-07-22,1.1685575767,1.2399409788
2025-07-23,1.1735508331,1.2471315973
2025-07-24,1.1773177318,1.2501250125
2025-07-25,1.1741178518,1.2428999341
2025-07-28,1.1744450662,1.2435490891
2025-07-29,1.1590525369,1.2323921965
2025-07-30,1.1567131111,1.2308601251
2025-07-31,1.1437734288,1.217078039
2025-08-04,1.156706703,1.2281089578
2025-08-05,1.1563682219,1.2243049009
2025-08-06,1.156393981,1.2253700618
2025-08-07,1.1655037712,1.2284106823
2025-08-08,1.1657403659,1.2268884881
2025-08-11,1.1661207013,1.2268884881
2025-08-12,1.1617993434,1.2203902808
2025-08-13,1.1674089342,1.2268884881
2025-08-14,1.1712440809,1.2299366583
2025-08-15,1.1651462763,1.2261212879
2025-08-18,1.1702159016,1.2281089578
2025-08-19,1.1645636301,1.225069829
2025-08-20,1.1625769499,1.2238553892
2025-08-21,1.1645206911,1.2297854024
2025-08-22,1.1606160616,1.2223444567
2025-08-25,1.1692413827,1.2319215512
2025-08-26,1.1641475063,1.2308601251
2025-08-27,1.1631452655,1.2305420538
2025-08-28,1.1642340273,1.2348423106
2025-08-29,1.1658796987,1.2328480022
2025-09-01,1.169375873,1.2361397827
2025-09-02,1.169857464,1.2351473531
2025-09-03,1.1630533638,1.2290145761
2025-09-04,1.1655587562,1.2310116454
2025-09-05,1.1672512461,1.2306934958
2025-09-08,1.1710235869,1.2401101218
2025-09-09,1.1772797122,1.2493284859
2025-09-10,1.1697064443,1.2407255763
2025-09-11,1.1695473863,1.2390191924
2025-09-12,1.1724060795,1.2427454733
2025-09-15,1.172437785,1.2424366668
2025-09-16,1.1765592872,1.2461835628
2025-09-17,1.1855379544,1.2582256502
2025-09-18,1.1813393529,1.2540757462
2025-09-19,1.1772559393,1.2477540427
2025-09-22,1.1729438225,1.2425910509
2025-09-23,1.181293866,1.2510790557
2025-09-24,1.1799980003,1.2498125281
2025-09-25,1.1740056022,1.2449424214
2025-09-26,1.1665347025,1.2371644192
2025-09-29,1.1720581108,1.2427454733
2025-09-30,1.1714275078,1.2408795354
2025-10-01,1.1734466858,1.2428999341
2025-10-02,1.1737406137,1.2432244269
2025-10-03,1.172579063,1.2416653215
2025-10-06,1.1719628027,1.2432244269
2025-10-07,1.1693367829,1.2438429773
2025-10-08,1.1623036001,1.2371644192
2025-10-09,1.1636568151,1.236078664
2025-10-10,1.1562212377,1.2271896131
2025-10-13,1.1613926786,1.2346441138
2025-10-14,1.1567095305,1.2305420538
2025-10-15,1.1617143352,1.2365372012
2025-10-16,1.1667622562,1.2468206075
2025-10-17,1.1699231943,1.2509069075
2025-10-20,1.1653819289,1.2473182657
2025-10-21,1.164358068,1.2490163996
2025-10-22,1.1600552129,1.2435336251
2025-10-23,1.1597088524,1.2420971568
2025-10-24,1.160844033,1.2441524833
2025-10-27,1.1630586245,1.2441524833
2025-10-28,1.1651236683,1.2460282848
2025-10-29,1.1643220593,1.2471315973
2025-10-30,1.161776368,1.2390959556
2025-10-31,1.1564583025,1.2343850294
2025-11-03,1.1530674998,1.2299517859
2025-11-04,1.1506502404,1.2234062076
2025-11-05,1.1486379038,1.2232565536
2025-11-06,1.1501100514,1.2227928589
2025-11-07,1.1537952095,1.2264370776
2025-11-10,1.1553457653,1.2276415778
2025-11-11,1.1547765377,1.2291656424
2025-11-12,1.1577431358,1.236231472
2025-11-13,1.1585170862,1.2394799142
2025-11-14,1.1633555186,1.2487044691
2025-11-17,1.1601568823,1.2450974289
2025-11-18,1.1590179837,1.243688282
2025-11-19,1.1576974929,1.2368430817
2025-11-20,1.1517788113,1.2271896131
2025-11-21,1.1533542397,1.2297854024
2025-11-24,1.1513482417,1.2240051898
2025-11-25,1.1527075503,1.2243049009
2025-11-26,1.1579658021,1.2274908859
2025-11-27,1.1602716594,1.2325744783
2025-11-28,1.1581567432,1.2291656424
2025-12-01,1.1587911006,1.2305571963
2025-12-02,1.1610977786,1.2306934958
2025-12-03,1.1637164864,1.2343850294
2025-12-04,1.1658772461,1.2366901226
2025-12-05,1.1651732341,1.2325440943
2025-12-08,1.1652579962,1.232073333
2025-12-09,1.1641111261,1.2276415778
2025-12-10,1.1620533468,1.2274908859
2025-12-11,1.1691183754,1.2382367509
2025-12-12,1.1733574142,1.2455626829
2025-12-15,1.1739076341,1.2441524833
2025-12-16,1.1754412167,1.2446170313
2025-12-17,1.1737118404,1.243997711
2025-12-18,1.1737301844,1.2443072941
2025-12-19,1.1722862303,1.2455626829
2025-12-22,1.1715246218,1.2450974289
2025-12-23,1.1774658479,1.253289886
2025-12-24,1.1794359148,1.257434582
2025-12-29,1.1772943831,1.2537612839
2025-12-30,1.1772957103,1.2546579175
2025-12-31,1.1739440051,1.2493284859
2026-01-05,1.1683043619,1.246976083
2026-01-06,1.1733019612,1.2515487916
2026-01-07,1.1695113601,1.2449424214
2026-01-08,1.1679743755,1.2414957541
2026-01-09,1.1654343006,1.238558813
2026-01-12,1.1653142383,1.2388656946
2026-01-13,1.1657772593,1.2410335327
2026-01-14,1.1640769744,1.2351473531
2026-01-15,1.1638039847,1.2374706101
2026-01-16,1.16050935,1.2326960295
2026-01-19,1.1617495818,1.2390806022
2026-01-20,1.1642623032,1.2414957541
2026-01-21,1.1727929193,1.2536669759
2026-01-22,1.168521146,1.2446170313
2026-01-23,1.1745459101,1.2526619066
2026-01-26,1.1663409746,1.2526619066
2026-01-27,1.1890360616,1.276063599
2026-01-28,1.1991571436,1.2927245463
2026-01-29,1.1971538154,1.2913723414
2026-01-30,1.1918236969,1.288012468
2026-02-02,1.1862778994,1.2805245028
2026-02-03,1.1798218302,1.2708256554
2026-02-04,1.181866898,1.275900786
2026-02-05,1.1785068852,1.2726856212
2026-02-06,1.1786310305,1.2739340357
2026-02-09,1.1816848602,1.275249949
2026-02-10,1.1909270574,1.2917059561
2026-02-11,1.1908930116,1.291038899
2026-02-12,1.1875473783,1.2848350914
2026-02-13,1.1868004631,1.2865045671
2026-02-16,1.186257713,1.2881783869
2026-02-17,1.1841028939,1.2861736334
2026-02-18,1.1840073978,1.2843400419
2026-02-19,1.1788629345,1.2813448996
2026-02-20,1.1754522491,1.2757380144
2026-02-23,1.1823814655,1.2828407225
2026-02-24,1.1780634783,1.276715267
2026-02-25,1.1787585006,1.2806884981
2026-02-26,1.1815803647,1.2823472083
2026-02-27,1.1797143003,1.2800163842
2026-03-02,1.1787347512,1.2881783869
2026-03-03,1.1692229558,1.2696800406
2026-03-04,1.1596844052,1.2664319546
2026-03-05,1.1625225408,1.269905773
2026-03-06,1.1613471805,1.2680539177
2026-03-09,1.1524942664,1.2670898747
2026-03-10,1.1611802744,1.2729448306
2026-03-11,1.1621683557,1.2731068901
2026-03-12,1.1533750095,1.2654703753
2026-03-13,1.1512854733,1.2590335658
2026-03-16,1.1447082879,1.2544061014
2026-03-17,1.1493530128,1.2550673344
2026-03-18,1.1528740267,1.2599853842
2026-03-19,1.1480268094,1.2504376532
2026-03-20,1.1562323533,1.2548783395
2026-03-23,1.1542976834,1.2542487677
2026-03-24,1.1585603235,1.2558238833
2026-03-25,1.1601830951,1.2540757462
2026-03-26,1.1557377049,1.2495001999
2026-03-27,1.1537762281,1.2452524749
2026-03-30,1.1503736106,1.2391727283
2026-03-31,1.1475460655,1.2399871041
2026-04-01,1.1558198368,1.2401101218
2026-04-02,1.1548697305,1.2424366668
2026-04-03,1.1548697305,1.2424366668
2026-04-06,1.1548697305,1.2424366668
2026-04-07,1.1528589109,1.2376237624
2026-04-08,1.1676312888,1.2527560633
2026-04-09,1.1661933773,1.2509851508
2026-04-10,1.1691149766,1.2523324692
2026-04-13,1.168603634,1.2496563445
2026-04-14,1.1759198423,1.2635196604
2026-04-15,1.17902486,1.2670738197
2026-04-16,1.1797421218,1.2665923599
2026-04-17,1.1770851757,1.2633600323
2026-04-20,1.1753158873,1.2648141356
2026-04-21,1.1777348467,1.2709871757
2026-04-22,1.1744777464,1.2683755914
2026-04-23,1.1706932442,1.2615908661
2026-04-24,1.1688244629,1.2594141206
2026-04-27,1.1725290386,1.2611771828
2026-04-28,1.1709892156,1.2583839833
2026-04-29,1.1709682681,1.2547208873
2026-04-30,1.1670483413,1.2513921738
2026-05-01,1.1727033257,1.2664319546
2026-05-04,1.1724854583,1.2672504467
2026-05-05,1.168320206,1.2622437645
2026-05-06,1.1720214868,1.2669132925
2026-05-07,1.1754950464,1.2717953936
2026-05-08,1.1731540218,1.2687135245
2026-05-11,1.1759590077,1.2714719831
2026-05-12,1.1761792273,1.270034799
2026-05-13,1.1736880161,1.2685364895
2026-05-15,1.1646207748,1.2603029768
2026-05-18,1.1613414312,1.257434582
2026-05-19,1.1645590368,1.260795562
2026-05-20,1.159328405,1.2529758176
2026-05-21,1.1624322046,1.2583839833
2026-05-22,1.1607706528,1.257592716
2026-05-26,1.1632467401,1.2635196604
2026-05-27,1.1632012702,1.2601441605
2026-05-28,1.1610817462,1.2555085437
2026-05-29,1.1643432583,1.2627219234
2026-06-01,1.1643761142,1.2643343912
2026-06-02,1.1626649226,1.2577508899
2026-06-03,1.1625621953,1.2564708247
2026-06-04,1.1606765063,1.2518621449
2026-06-05,1.1613841889,1.2542487677
2026-06-08,1.1526206648,1.2417269939
2026-06-09,1.1537840791,1.2414957541
2026-06-10,1.1537670766,1.238558813
2026-06-11,1.1549858044,1.2397872525
2026-06-12,1.1560619623,1.2432244269
2026-06-15,1.1594693903,1.2455626829
2026-06-16,1.1585206401,1.2452524749
2026-06-17,1.1611480959,1.2490163996
2026-06-18,1.1605610582,1.2490163996
2026-06-19,1.145233824,1.228712555
2026-06-22,1.1461263292,1.225069829
2026-06-23,1.1422538832,1.2240051898
2026-06-24,1.1375061125,1.2224938875
2026-06-25,1.1353740004,1.2190364736
2026-06-26,1.1359817307,1.2212099748
2026-06-29,1.1383722351,1.2220457045
2026-06-30,1.1401803963,1.2238553892
